{
    "numframes": 600,
    "constellations": {
        "Walker 70": [
            1110,
            70,
            15,
            20
        ],
        "Starlink-1": [
            1110,
            53.8,
            50,
            32
        ],
        "Starlink-2": [
            1130,
            74,
            50,
            8
        ],
        "Starlink-3": [
            1275,
            81,
            75,
            5
        ],
        "Starlink-4": [
            1325,
            70,
            75,
            6
        ],
        "OneWeb": [
            1200,
            87,
            40,
            18
        ],
        "Telesat-1": [
            1000,
            99.5,
            12,
            6
        ],
        "Telesat-2": [
            1200,
            37.4,
            10,
            5
        ],
        "GW-A59-1": [
            590,
            85,
            30,
            16
        ],
        "GW-A59-2": [
            600,
            50,
            50,
            40
        ],
        "GW-A59-3": [
            508,
            55,
            60,
            60
        ],
        "GW-2-1": [
            1145,
            30,
            36,
            48
        ],
        "GW-2-2": [
            1145,
            40,
            36,
            48
        ],
        "GW-2-3": [
            1145,
            50,
            36,
            48
        ],
        "GW-2-4": [
            1145,
            60,
            36,
            48
        ]
    },
    "cities": {
        "Beijing": [
            116.341141,
            39.991202
        ],
        "Rio de Janeiro": [
            -43.210912,
            -22.951615
        ],
        "Moscow": [
            37.620831,
            55.754082
        ],
        "California": [
            -118.445143,
            34.068885
        ],
        "Hong Kong": [
            114.18267,
            22.296315
        ],
        "Sydney": [
            151.21677,
            -33.856349
        ],
        "Capetown": [
            18.419602,
            -33.902293
        ],
        "Tokyo": [
            139.748214,
            35.658392
        ],
        "London": [
            -0.126608,
            51.519726
        ],
        "Toronto": [
            -79.395656,
            43.662892
        ],
        "Washington, DC": [
            -77.035267,
            38.889471
        ]
    },
    "scenarios": [
        [
            "Beijing",
            "Washington, DC"
        ],
        [
            "Beijing",
            "Moscow"
        ],
        [
            "Beijing",
            "Tokyo"
        ],
        [
            "Hong Kong",
            "Rio de Janeiro"
        ],
        [
            "Hong Kong",
            "London"
        ],
        [
            "London",
            "Moscow"
        ],
        [
            "Sydney",
            "Capetown"
        ],
        [
            "California",
            "Toronto"
        ]
    ]
}